product_id,product_name,buy_price,amount,buy_date,expiration_date
1,bread,2.55,1,2022-03-09,2022-03-12
2,bread,2.55,1,2022-03-09,2022-04-09
3,eggs,2.25,1,2022-03-09,2022-03-31
4,dogfood,59.99,1,2022-03-09,2023-09-22
5,cashewnotes,4.95,1,2022-03-09,2022-12-31
6,cashewnotes,4.95,1,2022-03-09,2023-01-12
7,oatmeal,0.65,1,2022-03-09,2023-10-24
8,oatmeal,0.65,1,2022-03-09,2023-10-24
9,oatmeal,0.65,1,2022-03-09,2023-10-24
10,soup,1.0,1,2022-03-01,2022-03-14
11,soup,1.0,1,2022-03-01,2022-03-10
12,soup,1.0,1,2022-03-08,2023-12-24
13,oatmeal,0.65,1,2022-03-09,2023-10-24
14,eggs,2.25,1,2022-03-09,2022-03-31
15,rabbit_ears,3.25,1,2022-03-10,2023-02-07
16,rabbit_ears,3.25,1,2022-03-10,2023-02-07
17,rabbit_ears,3.25,1,2022-03-10,2023-02-07
18,toothpaste,0.45,1,2022-03-10,2024-12-31
19,toothpaste,0.45,1,2022-03-10,2024-12-31
20,toothpaste,0.45,1,2022-03-10,2024-12-31
21,toothpaste,0.45,1,2022-03-10,2024-12-31
22,yoghurt,0.49,1,2022-03-11,2022-03-22
23,mushrooms,0.99,1,2022-03-16,2022-03-28
24,mushrooms,0.99,1,2022-03-16,2022-03-28
25,mushrooms,0.99,1,2022-03-16,2022-03-28
26,mushrooms,0.99,1,2022-03-16,2022-03-28
27,mushrooms,0.99,1,2022-03-16,2022-03-28
28,mushrooms,0.99,1,2022-03-16,2022-03-28
29,cocacola,1.99,1,2022-03-17,2023-02-14
30,cocacola,1.99,1,2022-03-17,2023-02-14
31,cocacola,1.99,1,2022-03-17,2023-02-14
32,cocacola,1.99,1,2022-03-17,2023-02-14
33,cocacola,1.99,1,2022-03-17,2023-02-14
34,cocacola,1.99,1,2022-03-17,2023-02-14
35,cocacola,1.99,1,2022-03-17,2023-02-14
36,cocacola,1.99,1,2022-03-17,2023-02-14
37,water,0.35,1,2022-03-17,2023-01-12
38,water,0.35,1,2022-03-17,2023-01-12
39,water,0.35,1,2022-03-17,2023-01-12
40,icecream,1.49,1,2022-03-20,2023-03-05
41,icecream,1.49,1,2022-03-20,2023-03-05
42,icecream,1.49,1,2022-03-20,2023-03-05
