product_id,product_name,sell_price,amount,sell_date,expiration_date,product_price,buy_date
3,eggs,3.75,1,2022-03-10,2022-03-31,2.25,2022-03-09
7,oatmeal,1.99,1,2022-03-10,2023-10-24,0.65,2022-03-09
8,oatmeal,1.99,1,2022-03-10,2023-10-24,0.65,2022-03-09
9,oatmeal,1.99,1,2022-03-10,2023-10-24,0.65,2022-03-09
13,oatmeal,1.99,1,2022-03-10,2023-10-24,0.65,2022-03-09
11,soup,1.94,1,2022-03-10,2022-03-10,1.0,2022-03-01
10,soup,2.99,1,2022-03-10,2022-03-14,1.0,2022-03-01
12,soup,2.99,1,2022-03-10,2023-12-24,1.0,2022-03-08
